review_id,task_id,output_label,semantic_understanding_1_5,human_likeness_1_5,direct_chat_ok,task_best_review_id,task_worst_review_id,notes
rb_unseen15_0013__A,rb_unseen15_0013,A,2,2,borderline,rb_unseen15_0013__D,rb_unseen15_0013__A,太模板化了
rb_unseen15_0013__B,rb_unseen15_0013,B,2,2,borderline,rb_unseen15_0013__D,rb_unseen15_0013__A,
rb_unseen15_0013__C,rb_unseen15_0013,C,2,2,borderline,rb_unseen15_0013__D,rb_unseen15_0013__A,
rb_unseen15_0013__D,rb_unseen15_0013,D,3,3,yes,rb_unseen15_0013__D,rb_unseen15_0013__A,
rb_unseen15_0016__A,rb_unseen15_0016,A,2,2,no,rb_unseen15_0016__D,rb_unseen15_0016__C,
rb_unseen15_0016__B,rb_unseen15_0016,B,2,2,no,rb_unseen15_0016__D,rb_unseen15_0016__C,
rb_unseen15_0016__C,rb_unseen15_0016,C,1,2,no,rb_unseen15_0016__D,rb_unseen15_0016__C,
rb_unseen15_0016__D,rb_unseen15_0016,D,3,3,yes,rb_unseen15_0016__D,rb_unseen15_0016__C,
rb_unseen15_0017__A,rb_unseen15_0017,A,2,4,yes,rb_unseen15_0017__A,rb_unseen15_0017__C,
rb_unseen15_0017__B,rb_unseen15_0017,B,2,2,borderline,rb_unseen15_0017__A,rb_unseen15_0017__C,
rb_unseen15_0017__C,rb_unseen15_0017,C,2,2,borderline,rb_unseen15_0017__A,rb_unseen15_0017__C,
rb_unseen15_0017__D,rb_unseen15_0017,D,4,4,yes,rb_unseen15_0017__A,rb_unseen15_0017__C,
rb_unseen15_0022__A,rb_unseen15_0022,A,3,3,borderline,rb_unseen15_0022__B,rb_unseen15_0022__C,
rb_unseen15_0022__B,rb_unseen15_0022,B,3,3,yes,rb_unseen15_0022__B,rb_unseen15_0022__C,
rb_unseen15_0022__C,rb_unseen15_0022,C,1,3,borderline,rb_unseen15_0022__B,rb_unseen15_0022__C,
rb_unseen15_0022__D,rb_unseen15_0022,D,3,3,borderline,rb_unseen15_0022__B,rb_unseen15_0022__C,
rb_unseen15_0024__A,rb_unseen15_0024,A,4,4,yes,rb_unseen15_0024__C,rb_unseen15_0024__D,
rb_unseen15_0024__B,rb_unseen15_0024,B,3,3,borderline,rb_unseen15_0024__C,rb_unseen15_0024__D,
rb_unseen15_0024__C,rb_unseen15_0024,C,2,3,yes,rb_unseen15_0024__C,rb_unseen15_0024__D,
rb_unseen15_0024__D,rb_unseen15_0024,D,4,3,borderline,rb_unseen15_0024__C,rb_unseen15_0024__D,
rb_unseen15_0028__A,rb_unseen15_0028,A,4,4,yes,rb_unseen15_0028__B,rb_unseen15_0028__D,
rb_unseen15_0028__B,rb_unseen15_0028,B,3,4,yes,rb_unseen15_0028__B,rb_unseen15_0028__D,
rb_unseen15_0028__C,rb_unseen15_0028,C,2,2,no,rb_unseen15_0028__B,rb_unseen15_0028__D,
rb_unseen15_0028__D,rb_unseen15_0028,D,2,2,no,rb_unseen15_0028__B,rb_unseen15_0028__D,
rb_unseen15_0031__A,rb_unseen15_0031,A,2,3,yes,rb_unseen15_0031__B,rb_unseen15_0031__C,
rb_unseen15_0031__B,rb_unseen15_0031,B,3,4,yes,rb_unseen15_0031__B,rb_unseen15_0031__C,
rb_unseen15_0031__C,rb_unseen15_0031,C,3,3,borderline,rb_unseen15_0031__B,rb_unseen15_0031__C,
rb_unseen15_0031__D,rb_unseen15_0031,D,3,4,borderline,rb_unseen15_0031__B,rb_unseen15_0031__C,
rb_unseen15_0032__A,rb_unseen15_0032,A,,,,,,
rb_unseen15_0032__B,rb_unseen15_0032,B,,,,,,
rb_unseen15_0032__C,rb_unseen15_0032,C,,,,,,
rb_unseen15_0032__D,rb_unseen15_0032,D,,,,,,
rb_unseen15_0033__A,rb_unseen15_0033,A,,,,,,
rb_unseen15_0033__B,rb_unseen15_0033,B,,,,,,
rb_unseen15_0033__C,rb_unseen15_0033,C,,,,,,
rb_unseen15_0033__D,rb_unseen15_0033,D,,,,,,
rb_unseen15_0037__A,rb_unseen15_0037,A,,,,,,
rb_unseen15_0037__B,rb_unseen15_0037,B,,,,,,
rb_unseen15_0037__C,rb_unseen15_0037,C,,,,,,
rb_unseen15_0037__D,rb_unseen15_0037,D,,,,,,
rb_unseen15_0039__A,rb_unseen15_0039,A,,,,,,
rb_unseen15_0039__B,rb_unseen15_0039,B,,,,,,
rb_unseen15_0039__C,rb_unseen15_0039,C,,,,,,
rb_unseen15_0039__D,rb_unseen15_0039,D,,,,,,
rb_unseen15_0040__A,rb_unseen15_0040,A,,,,,,
rb_unseen15_0040__B,rb_unseen15_0040,B,,,,,,
rb_unseen15_0040__C,rb_unseen15_0040,C,,,,,,
rb_unseen15_0040__D,rb_unseen15_0040,D,,,,,,