5100	jpn	私が話しているときは私を見て！	bunbuku	\N	2011-06-01 19:10:38
5195	jpn	さぁ笑って、泣くのは後！	bunbuku	\N	2011-06-07 17:03:06
79934	jpn	目を地面に落としていないで、私を見なさい。	\N	\N	\N
81602	jpn	本を閉じて私を見なさい。	\N	\N	\N
87113	jpn	彼女は飛行機に乗り込む前に、私に手を振った。	\N	\N	\N
148428	jpn	首を横に振ることで不承認を与える。	\N	\N	\N
152139	jpn	私を見なさい。	bunbuku	\N	2011-08-09 16:02:36
152144	jpn	私を見てください。	bunbuku	\N	2012-10-09 04:37:39
153325	jpn	私は彼女に本当のことを言うようにいったが、彼女は首を横に振った。	\N	\N	\N
173792	jpn	好きなものを指差しなさい。	\N	\N	\N
195074	jpn	皆さんじっとしていてください。	small_snow	\N	2020-10-02 07:25:55
1034637	jpn	私を見て。	bunbuku	2011-08-09 16:02:56	2011-08-09 16:02:56
1507522	jpn	じっとして！	bunbuku	2012-03-29 00:57:58	2012-03-29 00:57:58
2040933	jpn	トムは首を横に振った。	bunbuku	2012-11-27 14:15:19	2012-11-27 14:15:19
3480421	jpn	じっとしてて。	arnab	2014-09-08 14:29:33	2014-09-08 14:29:33
10609276	jpn	ちょっと笑ってみて。	small_snow	2022-01-06 10:20:42	2022-01-06 10:20:42
10609279	jpn	笑ってみて。	small_snow	2022-01-06 10:21:29	2022-01-06 10:21:29
10901638	jpn	それまでじっと待機していてください。	small_snow	2022-06-11 03:39:02	2022-06-11 03:55:34
11023045	jpn	いまの、真顔で言ってみて。	small_snow	2022-07-25 08:53:12	2022-07-25 08:53:12
12574337	jpn	彼は私にハッパがあるかどうか尋ねたので、私は木を指差しました。彼が言っていたのは葉っぱではありませんでした。	urro	2024-07-13 00:05:50	2024-07-13 00:05:50
13055920	jpn	彼はコーヒーを一口飲むと、小さくうなずいた。	Gardenia	2025-02-24 09:06:47	2025-02-24 09:06:47
13056462	jpn	ずっと無表情で考え込んでいるけれど、何か気になることがあるなら遠慮せずに話してほしい。	Gardenia	2025-02-24 14:31:19	2025-02-24 14:31:19
13056475	jpn	私たちは、手を振って別れを告げた。	Gardenia	2025-02-24 14:31:44	2025-02-24 14:31:44
13059198	jpn	彼はコーヒーを一口飲むと、小さく頷き、何かを決意したような表情を見せた。	Gardenia	2025-02-26 14:08:08	2025-02-26 14:08:08
13066303	jpn	彼は別れ際に、「またすぐに会いましょう」と言って手を振った。	Gardenia	2025-03-02 09:07:16	2025-03-02 09:07:16
13066313	jpn	地図上の特定の地点を指し示し、そこが目的地であることを確認した。	Gardenia	2025-03-02 09:11:36	2025-03-02 09:11:36
13146670	jpn	ふと振り向くと、誰かがこちらを見ていた。	Gardenia	2025-04-13 06:28:48	2025-04-13 06:28:48
13412496	jpn	笑って学んで！	Vortarulo	2025-08-20 20:32:41	2025-08-20 20:32:41
13440746	jpn	階段を上がって左に見える水色のドアが事務所の入口です。	Gardenia	2025-09-06 07:13:08	2025-09-06 07:13:08
13492082	jpn	僕は言葉を発さず、ただ小さく首を縦に振った。	Gardenia	2025-10-04 02:21:36	2025-10-04 02:21:36
13492141	jpn	僕は何も言わず、ただ軽くうなずき返した。	Gardenia	2025-10-04 02:23:31	2025-10-04 02:23:31
13946404	jpn	彼女はいつも僕に微笑む。	jan_OkulaJu	2026-06-19 16:51:23	2026-06-19 16:51:29
